First_Ballot,
George Mikan, 
Ed Macauley, 
Andy Phillip, 
Bob Cousy, 
Bob Pettit, 
Bill Russell, 
Elgin Baylor, 
Wilt Chamberlain, 
Jerry Lucas, 
Oscar Robertson, 
Jerry West, 
Bill Bradley, 
John Havlicek,
Elvin Hayes, 
Julius Erving, 
Bill Walton, 
Kareem Abdul-Jabbar,
Alex English, 
Larry Bird, 
Kevin McHale, 
Isiah Thomas, 
Moses Malone, 
Magic Johnson, 
Robert Parish, 
Clyde Drexler,
Charles Barkley, 
Patrick Ewing, 
Hakeem Olajuwon, 
Michael Jordan, 
David Robinson, 
John Stockton, 
Karl Malone, 
Scottie Pippen, 
Gary Payton, 
Alonzo Mourning, 
Dikembe Mutombo,
Yao Ming, 
Shaquille O'Neal, 
Allen Iverson, 
Tracy McGrady, 
Ray Allen, 
Steve Nash, 
Grant Hill, 
Jason Kidd, 
Kobe Bryant, 
Tim Duncan, 
Kevin Garnett, 
Paul Pierce, 
Manu Ginobili,